vehicle_id,chem,cooling,cap_kWh,ac_kW,dc_kW,whkm,age_yr,odo_km,km_per_yr,Tamb_C,fast_pct,charge_limit,min_soc,soh_pct
1,NMC,2,4.075,0.542,0.0,32.338,1.362,11084.873,8304.753,31.776,11.203,90.763,22.833,93.851
1,NMC,2,4.075,0.542,0.0,32.338,2.42,21474.503,8304.753,31.776,11.203,90.763,22.833,90.441
1,NMC,2,4.075,0.542,0.0,32.338,5.462,38489.659,8304.753,31.776,11.203,90.763,22.833,84.587
1,NMC,2,4.075,0.542,0.0,32.338,6.368,49337.668,8304.753,31.776,11.203,90.763,22.833,80.554
2,NMC,2,2.669,0.473,0.0,35.193,0.555,5207.841,9162.187,31.067,0.0,100.0,18.586,96.593
2,NMC,2,2.669,0.473,0.0,35.193,1.857,14829.079,9162.187,31.067,0.0,100.0,18.586,90.752
2,NMC,2,2.669,0.473,0.0,35.193,1.972,16553.796,9162.187,31.067,0.0,100.0,18.586,89.672
2,NMC,2,2.669,0.473,0.0,35.193,7.241,67182.386,9162.187,31.067,0.0,100.0,18.586,65.693
3,NMC,2,3.684,0.68,0.0,40.395,1.279,5479.702,4694.146,34.456,9.042,91.161,16.735,93.794
3,NMC,2,3.684,0.68,0.0,40.395,1.807,8391.091,4694.146,34.456,9.042,91.161,16.735,91.979
3,NMC,2,3.684,0.68,0.0,40.395,3.891,17309.719,4694.146,34.456,9.042,91.161,16.735,86.675
3,NMC,2,3.684,0.68,0.0,40.395,5.992,29830.594,4694.146,34.456,9.042,91.161,16.735,78.945
4,LFP,1,411.053,31.478,109.5,1255.809,0.608,44276.339,63234.734,29.625,34.9,100.0,13.691,98.776
4,LFP,1,411.053,31.478,109.5,1255.809,0.819,42595.073,63234.734,29.625,34.9,100.0,13.691,97.221
4,LFP,1,411.053,31.478,109.5,1255.809,3.411,230874.753,63234.734,29.625,34.9,100.0,13.691,92.636
4,LFP,1,411.053,31.478,109.5,1255.809,6.048,398560.425,63234.734,29.625,34.9,100.0,13.691,86.826
5,NMC,1,57.02,6.389,108.053,167.562,0.769,8558.168,11669.883,29.113,0.726,87.569,21.032,96.266
5,NMC,1,57.02,6.389,108.053,167.562,3.051,40312.92,11669.883,29.113,0.726,87.569,21.032,93.903
5,NMC,1,57.02,6.389,108.053,167.562,5.2,55701.497,11669.883,29.113,0.726,87.569,21.032,89.506
5,NMC,1,57.02,6.389,108.053,167.562,7.002,86583.682,11669.883,29.113,0.726,87.569,21.032,86.929
6,NMC,2,2.749,0.623,0.0,35.116,0.814,8269.866,9221.919,30.32,4.917,89.309,7.75,95.311
6,NMC,2,2.749,0.623,0.0,35.116,5.692,48824.748,9221.919,30.32,4.917,89.309,7.75,79.776
6,NMC,2,2.749,0.623,0.0,35.116,6.509,57098.518,9221.919,30.32,4.917,89.309,7.75,76.128
6,NMC,2,2.749,0.623,0.0,35.116,7.286,63511.399,9221.919,30.32,4.917,89.309,7.75,73.5
7,NMC,1,30.911,10.842,104.61,176.497,2.536,158988.07,59464.659,30.426,49.143,100.0,13.783,46.034
7,NMC,1,30.911,10.842,104.61,176.497,3.496,211529.612,59464.659,30.426,49.143,100.0,13.783,30.0
7,NMC,1,30.911,10.842,104.61,176.497,4.56,266670.911,59464.659,30.426,49.143,100.0,13.783,30.0
7,NMC,1,30.911,10.842,104.61,176.497,6.451,388425.81,59464.659,30.426,49.143,100.0,13.783,30.0
8,LTO,1,64.814,7.883,101.876,149.606,0.782,9189.132,11422.171,28.017,25.82,90.071,17.906,99.131
8,LTO,1,64.814,7.883,101.876,149.606,3.749,38238.208,11422.171,28.017,25.82,90.071,17.906,98.027
8,LTO,1,64.814,7.883,101.876,149.606,4.657,60166.803,11422.171,28.017,25.82,90.071,17.906,98.19
8,LTO,1,64.814,7.883,101.876,149.606,6.329,63847.209,11422.171,28.017,25.82,90.071,17.906,97.836
9,LFP,1,204.929,24.211,167.228,884.979,0.388,22189.397,60184.578,33.989,57.014,100.0,24.745,97.54
9,LFP,1,204.929,24.211,167.228,884.979,0.82,51169.676,60184.578,33.989,57.014,100.0,24.745,97.466
9,LFP,1,204.929,24.211,167.228,884.979,3.84,253362.172,60184.578,33.989,57.014,100.0,24.745,88.331
9,LFP,1,204.929,24.211,167.228,884.979,7.803,502420.639,60184.578,33.989,57.014,100.0,24.745,77.015
10,LFP,2,7.158,0.629,0.0,51.414,0.712,12064.329,16224.342,27.102,0.0,95.284,24.128,97.907
10,LFP,2,7.158,0.629,0.0,51.414,0.85,14204.927,16224.342,27.102,0.0,95.284,24.128,98.174
10,LFP,2,7.158,0.629,0.0,51.414,1.99,29496.719,16224.342,27.102,0.0,95.284,24.128,95.579
10,LFP,2,7.158,0.629,0.0,51.414,3.272,51909.724,16224.342,27.102,0.0,95.284,24.128,94.59
11,NMC,2,10.776,0.92,0.0,69.095,1.71,48899.131,24771.138,37.19,0.0,100.0,30.122,84.634
11,NMC,2,10.776,0.92,0.0,69.095,2.546,66247.634,24771.138,37.19,0.0,100.0,30.122,79.439
11,NMC,2,10.776,0.92,0.0,69.095,3.174,69244.061,24771.138,37.19,0.0,100.0,30.122,76.588
11,NMC,2,10.776,0.92,0.0,69.095,5.485,140601.747,24771.138,37.19,0.0,100.0,30.122,49.92
12,LFP,2,4.35,0.871,0.0,66.003,3.978,86407.266,21018.474,33.181,7.05,98.945,25.885,87.873
12,LFP,2,4.35,0.871,0.0,66.003,6.458,140364.539,21018.474,33.181,7.05,98.945,25.885,80.428
12,LFP,2,4.35,0.871,0.0,66.003,7.319,158129.502,21018.474,33.181,7.05,98.945,25.885,77.358
12,LFP,2,4.35,0.871,0.0,66.003,7.509,162194.649,21018.474,33.181,7.05,98.945,25.885,76.193
